"pathway","pval","padj","log2err","ES","NES","size","Cell_Type","mission","comparison","leadingEdge_str"
"HALLMARK_ALLOGRAFT_REJECTION",0.0183545116159671,0.122808468408865,0.119991298354729,-0.474489887876074,-1.68046217418145,30,"B Cell","I4","FP1_R1_vs_preflight","RPS19;RPL39;B2M;RPL9;RPS9;RPS3A;HLA-DRA;CD79A;CD74;HLA-A;LTB"
"HALLMARK_APICAL_JUNCTION",0.337496097408679,0.669594924353343,0.0414508753284105,0.331005884836899,1.10357583679316,12,"B Cell","I4","FP1_R1_vs_preflight","SYK;VCAN;RASA1;PTEN;SKAP2"
"HALLMARK_COMPLEMENT",0.636122959258715,0.837173579109063,0.0165278713214594,-0.3,-0.850077488720428,12,"B Cell","I4","FP1_R1_vs_preflight","PFN1;CALM1;IRF1;TNFAIP3;IRF2;USP15;L3MBTL4;CR1;S100A9;KYNU;JAK2;CTSS"
"HALLMARK_HYPOXIA",0.760847183409325,0.837173579109063,0.0139378909314475,-0.263420383613384,-0.746425793932791,12,"B Cell","I4","FP1_R1_vs_preflight","CXCR4;BTG1;KLF6;S100A4;TNFAIP3;MIF;GAPDH"
"HALLMARK_IL2_STAT5_SIGNALING",0.773368729914769,0.837173579109063,0.0129593686499799,-0.237237091572145,-0.742280499951258,18,"B Cell","I4","FP1_R1_vs_preflight","LTB;CD83;SNX9;KLF6;CDC42SE2;CD79B;AHNAK;SELL;MYO1E;ALCAM"
"HALLMARK_INFLAMMATORY_RESPONSE",0.781362007168459,0.837173579109063,0.0137741315709959,-0.265418567689804,-0.732780373120664,11,"B Cell","I4","FP1_R1_vs_preflight","CD69;KLF6;NFKBIA;IRF1;NFKB1;SELL;PDE4B"
"HALLMARK_INTERFERON_ALPHA_RESPONSE",0.401756954612006,0.669594924353343,0.0234633358947609,-0.367750391401869,-1.05998948211713,13,"B Cell","I4","FP1_R1_vs_preflight","B2M;HLA-C;CD74"
"HALLMARK_INTERFERON_GAMMA_RESPONSE",0.371443694587799,0.669594924353343,0.0230975742674363,-0.318786923375897,-1.08463586800168,25,"B Cell","I4","FP1_R1_vs_preflight","B2M;HLA-B;CD74;HLA-A;BTG1;CD69;PELI1;NFKBIA;HLA-DRB1;IRF1;NFKB1;TNFAIP3"
"HALLMARK_KRAS_SIGNALING_UP",0.0327489249090308,0.122808468408865,0.144645572264101,0.449769333510832,1.64244171937843,15,"B Cell","I4","FP1_R1_vs_preflight","HDAC9;BIRC3;IKZF1;ST6GAL1;ETS1;DOCK2;PPBP;MAP3K1;RABGAP1L;CTSS"
"HALLMARK_MITOTIC_SPINDLE",0.107836787564767,0.28122356921342,0.0777921919210674,0.397360224920499,1.40690298901727,14,"B Cell","I4","FP1_R1_vs_preflight","NOTCH2;TRIO;CNTRL;RASA1;DOCK2;NEDD9;NCK2;AKAP13;SOS1;NIN;CEP192;ABI1;CLASP1"
"HALLMARK_MYC_TARGETS_V1",1.17448113980293e-08,1.76172170970439e-07,0.747739663149885,-0.810884353741497,-2.5017103097372,17,"B Cell","I4","FP1_R1_vs_preflight","RPS2;RPL34;RPS3;RPL18;RPS6;RPS5;RPL14;RPLP0;RACK1;RPL6;EEF1B2;RPL22;RPS10;PABPC1;DDX21;HSP90AB1;PPIA"
"HALLMARK_P53_PATHWAY",0.0280923665244889,0.122808468408865,0.103526179501938,-0.583914305149589,-1.65457468716499,12,"B Cell","I4","FP1_R1_vs_preflight","RPS12;RPL18;RPL36;RACK1;BTG1;HINT1;S100A4"
"HALLMARK_PI3K_AKT_MTOR_SIGNALING",0.932198327359618,0.932198327359618,0.011195805791729,-0.200323116697474,-0.55306171484516,11,"B Cell","I4","FP1_R1_vs_preflight","CXCR4;PFN1;CFL1"
"HALLMARK_TNFA_SIGNALING_VIA_NFKB",0.112489427685368,0.28122356921342,0.0490075527572982,-0.455682808310586,-1.40585568615375,17,"B Cell","I4","FP1_R1_vs_preflight","EIF1;BTG1;CD83;CD69;KLF6;JUNB;NFKBIA;IRF1;RELB;NFKB1;TNFAIP3;SMAD3"
"HALLMARK_UV_RESPONSE_DN",0.511470985155196,0.767206477732794,0.0341359210637563,0.254533306397618,0.956544793230759,16,"B Cell","I4","FP1_R1_vs_preflight","NOTCH2;PTEN;RUNX1;CELF2;PRKCE;GCNT1;ATP2B1;NEK7;CDK13;ADD3;LAMC1;MAP2K5;ATRX;MAPK14;SMAD3;NFKB1"
"HALLMARK_ALLOGRAFT_REJECTION",0.111459211953247,0.264540205604844,0.0452019785026896,-0.456247179823029,-1.39303330720733,24,"CD4+ T Cell","I4","FP1_R1_vs_preflight","RPL39;RPS19;RPS3A;RPL9;RPS9;B2M;LTB;HLA-A"
"HALLMARK_ANDROGEN_RESPONSE",0.482003710575139,0.783256029684601,0.0373466999137554,0.298175650609069,0.981889728171664,11,"CD4+ T Cell","I4","FP1_R1_vs_preflight","INPP4B;TNFAIP8;CDK6;ARID5B;IQGAP2;ANKH;CCND3;FKBP5"
"HALLMARK_APICAL_JUNCTION",0.937256430241621,0.957375285733495,0.0256415199432076,0.168902005451748,0.574599718979697,12,"CD4+ T Cell","I4","FP1_R1_vs_preflight","FYB1;RASA1;PTPRC"
"HALLMARK_COMPLEMENT",0.957375285733495,0.957375285733495,0.00917720774642901,-0.19430150737282,-0.507637300419241,12,"CD4+ T Cell","I4","FP1_R1_vs_preflight","PFN1;TNFAIP3;CALM1"
"HALLMARK_ESTROGEN_RESPONSE_EARLY",0.0643024162120031,0.229298690325306,0.111555069436528,0.443363185551561,1.50830868551558,12,"CD4+ T Cell","I4","FP1_R1_vs_preflight","BCL2;ADD3;IGF1R;RETREG1;AFF1;IL6ST;FKBP5;BCL11B;MED13L"
"HALLMARK_HYPOXIA",0.742601898380793,0.877620425359119,0.0135331094635451,-0.311366486090466,-0.775076088093902,10,"CD4+ T Cell","I4","FP1_R1_vs_preflight","S100A4;BTG1;TNFAIP3;CXCR4"
"HALLMARK_IL2_STAT5_SIGNALING",0.598692276256641,0.855129756622294,0.0348294155746012,0.251996339911303,0.888984861546915,13,"CD4+ T Cell","I4","FP1_R1_vs_preflight","BCL2;ITGA6;IGF1R;IKZF2"
"HALLMARK_INTERFERON_GAMMA_RESPONSE",0.212413975648491,0.394483097632912,0.0330012224657746,-0.474045338490693,-1.26314169032597,13,"CD4+ T Cell","I4","FP1_R1_vs_preflight","B2M;HLA-B;HLA-A;BTG1;TNFAIP3;CD69;STAT3;PELI1"
"HALLMARK_KRAS_SIGNALING_UP",0.122095479509928,0.264540205604844,0.0837037443963104,0.378209293908778,1.37768853242975,14,"CD4+ T Cell","I4","FP1_R1_vs_preflight","ETS1;IKZF1;IL7R;ST6GAL1;PPBP;CTSS"
"HALLMARK_MYC_TARGETS_V1",3.22893890695932e-06,4.19762057904712e-05,0.627256739718528,-0.752043162822865,-2.21334806720655,20,"CD4+ T Cell","I4","FP1_R1_vs_preflight","RPS2;RPL34;RPS3;RPL18;RPS6;RPS5;RPL14;RPL6;RACK1;RPLP0;EEF1B2;RPL22;PABPC1;RPS10"
"HALLMARK_P53_PATHWAY",0.0281895182636316,0.183231868713605,0.0979108420486795,-0.609194586717346,-1.6232605143921,13,"CD4+ T Cell","I4","FP1_R1_vs_preflight","RPS12;RPL18;RPL36;RACK1;S100A4;BTG1;HINT1"
"HALLMARK_TNFA_SIGNALING_VIA_NFKB",0.657792120478688,0.855129756622294,0.0147438397857843,-0.322988407063369,-0.843848126786563,12,"CD4+ T Cell","I4","FP1_R1_vs_preflight","EIF1;BTG1;JUNB;TNFAIP3;CD69"
"HALLMARK_UV_RESPONSE_DN",0.0705534431770173,0.229298690325306,0.110871775183071,0.415646202291853,1.51405852703233,14,"CD4+ T Cell","I4","FP1_R1_vs_preflight","RUNX1;INPP4B;NEK7;ADD3;IGF1R;CELF2;PRKCA;PTEN;SYNE1"
"HALLMARK_ALLOGRAFT_REJECTION",0.0366596392597798,0.117310845631295,0.0803258897498862,-0.485074289722534,-1.56918056476561,27,"CD8+ T Cell","I4","FP1_R1_vs_preflight","RPS19;RPL39;B2M;RPL9;RPS3A;RPS9;CCL5;HLA-A;CD3D;LTB;SRGN;GZMA;HLA-E;CD7"
"HALLMARK_ANDROGEN_RESPONSE",0.910318746623447,0.970964304741609,0.0100351817285282,-0.216203264346755,-0.58296025975666,12,"CD8+ T Cell","I4","FP1_R1_vs_preflight","B2M"
"HALLMARK_APICAL_JUNCTION",0.970964304741609,0.970964304741609,0.00879791110966886,-0.173215623225412,-0.477612987108414,13,"CD8+ T Cell","I4","FP1_R1_vs_preflight","PFN1;ACTB"
"HALLMARK_COMPLEMENT",0.525328083989501,0.732686238313583,0.0176604286519966,-0.341660148393847,-0.958883031345012,14,"CD8+ T Cell","I4","FP1_R1_vs_preflight","PFN1;CCL5;CALM1;TNFAIP3;GZMA"
"HALLMARK_ESTROGEN_RESPONSE_EARLY",0.173947895791583,0.347895791583166,0.0677730323030541,0.356310058757887,1.28211198840379,13,"CD8+ T Cell","I4","FP1_R1_vs_preflight","BCL2;ADD3;FKBP5;IGF1R;RETREG1;AFF1;BCL11B"
"HALLMARK_HYPOXIA",0.610532166180353,0.732686238313583,0.0162975995691388,-0.34423187091815,-0.885003278126107,10,"CD8+ T Cell","I4","FP1_R1_vs_preflight","S100A4;CXCR4;BTG1;TNFAIP3;MIF;GAPDH"
"HALLMARK_IL2_STAT5_SIGNALING",0.620841683366734,0.732686238313583,0.0337044940604929,0.242615747923952,0.873005269829378,13,"CD8+ T Cell","I4","FP1_R1_vs_preflight","BCL2;IKZF2;ITGA6;IGF1R;PRKCH;TTC39B;AHNAK;CCND3;RABGAP1L;LCLAT1"
"HALLMARK_INTERFERON_GAMMA_RESPONSE",0.225790390838935,0.401405139269217,0.0306525980581054,-0.415017816164151,-1.24912701638074,19,"CD8+ T Cell","I4","FP1_R1_vs_preflight","B2M;HLA-B;CCL5;HLA-A;BTG1;TNFAIP3;GZMA"
"HALLMARK_KRAS_SIGNALING_UP",0.0904193920738746,0.21282911009729,0.0931001287011121,0.420747826771787,1.47035555050841,12,"CD8+ T Cell","I4","FP1_R1_vs_preflight","ETS1;IKZF1;IL7R;DOCK2;CTSS;ST6GAL1;PPBP"
"HALLMARK_MITOTIC_SPINDLE",0.0931127356675645,0.21282911009729,0.0917080492176841,0.419088945252036,1.4645583829534,12,"CD8+ T Cell","I4","FP1_R1_vs_preflight","ARHGEF3;RASA1;DOCK2;NCK2;CNTRL;RAPGEF6"
"HALLMARK_MYC_TARGETS_V1",5.8946727072868e-06,9.43147633165887e-05,0.610526878385931,-0.730534912358904,-2.19877523300328,19,"CD8+ T Cell","I4","FP1_R1_vs_preflight","RPS2;RPS3;RPL34;RPL18;RPS6;RPS5;RPL14;RPL6;RACK1;RPLP0;EEF1B2;RPL22;RPS10;PABPC1"
"HALLMARK_OXIDATIVE_PHOSPHORYLATION",0.00236615965248574,0.0189292772198859,0.431707695803346,-0.719219219219219,-1.84907738206395,10,"CD8+ T Cell","I4","FP1_R1_vs_preflight","COX4I1;COX7C;UQCRB;ATP5MG;ATP5F1E;COX6A1;ATP6V1G1;SLC25A6;COX6C;NDUFA4"
"HALLMARK_P53_PATHWAY",0.0131233595800525,0.0699912510936133,0.143909619745855,-0.606673499132753,-1.70265372364855,14,"CD8+ T Cell","I4","FP1_R1_vs_preflight","RPS12;RPL18;RPL36;RACK1;S100A4;BTG1;HINT1"
"HALLMARK_PI3K_AKT_MTOR_SIGNALING",0.641100458524385,0.732686238313583,0.0155891309703452,-0.333179256068695,-0.856587546754274,10,"CD8+ T Cell","I4","FP1_R1_vs_preflight","PFN1;CXCR4;CFL1"
"HALLMARK_TNFA_SIGNALING_VIA_NFKB",0.388145315487572,0.621032504780115,0.0228989743073895,-0.409517203954825,-1.08218228576742,11,"CD8+ T Cell","I4","FP1_R1_vs_preflight","EIF1;CCL5;BTG1;JUNB;TNFAIP3"
"HALLMARK_UV_RESPONSE_DN",0.0293624161073825,0.117310845631295,0.172450317477257,0.463424056577029,1.72477298794405,14,"CD8+ T Cell","I4","FP1_R1_vs_preflight","RUNX1;NEK7;INPP4B;ADD3;SYNE1;IGF1R;CELF2;PTEN;BCKDHB;MAP2K5"
"HALLMARK_ALLOGRAFT_REJECTION",0.0202210499874403,0.121326299924642,0.112959561756547,-0.434471837365013,-1.66033554106058,37,"Other T Cell","I4","FP1_R1_vs_preflight","B2M;RPS19;RPL39;RPL9;HLA-A;RPS9;CCL5;RPS3A;GZMA;CD3D;LTB;SRGN"
"HALLMARK_ANDROGEN_RESPONSE",0.734332833583208,0.884491384102279,0.0253363829372155,0.223067042630793,0.788053912190166,13,"Other T Cell","I4","FP1_R1_vs_preflight","TNFAIP8;INPP4B;IQGAP2;STK39;FKBP5;CCND3;PTK2B;CDK6;ARID5B;RPS6KA3"
"HALLMARK_APICAL_JUNCTION",0.948055634402498,0.948055634402498,0.0101724635347669,-0.16538871862502,-0.531875350743483,18,"Other T Cell","I4","FP1_R1_vs_preflight","PFN1;ACTB"
"HALLMARK_COMPLEMENT",0.273064760071497,0.559910466015161,0.0289854798089291,-0.355060138132185,-1.19193403622587,21,"Other T Cell","I4","FP1_R1_vs_preflight","PFN1;CCL5;TNFAIP3;CALM1;GZMA;GZMK"
"HALLMARK_EPITHELIAL_MESENCHYMAL_TRANSITION",0.303284835758212,0.559910466015161,0.0286616399503485,-0.393193572594577,-1.15776620755608,13,"Other T Cell","I4","FP1_R1_vs_preflight","IL32;TNFAIP3;EMP3;PPIB;JUN;VIM;TGFB1;FLNA"
"HALLMARK_ESTROGEN_RESPONSE_EARLY",0.0813424345847554,0.22387530995395,0.0841553633643137,0.439964727724975,1.46096293100042,11,"Other T Cell","I4","FP1_R1_vs_preflight","BCL2;MYBL1;AFF1;ADD3;MED13L;FKBP5;JAK2;RASGRP1"
"HALLMARK_ESTROGEN_RESPONSE_LATE",0.575855013154049,0.884491384102279,0.0291320130936677,0.264111464735057,0.908368880877257,12,"Other T Cell","I4","FP1_R1_vs_preflight","BCL2;AFF1;ADD3;FKBP5;S100A9;JAK2"
"HALLMARK_FATTY_ACID_METABOLISM",0.905996252342286,0.945387393748472,0.0122734446915028,-0.217663783884874,-0.592939099963799,10,"Other T Cell","I4","FP1_R1_vs_preflight","HSP90AA1;S100A10;MIF;PSME1"
"HALLMARK_HEME_METABOLISM",0.843287827076223,0.945387393748472,0.0222254655651192,0.206188063861254,0.684675609505545,11,"Other T Cell","I4","FP1_R1_vs_preflight","NEK7;KAT2B;CCND3;PICALM;LPIN2;DCAF10;USP15;AGPAT4;EPB41;NNT"
"HALLMARK_HYPOXIA",0.0822711471610661,0.22387530995395,0.0588173707216382,-0.485748726611307,-1.49468721844132,15,"Other T Cell","I4","FP1_R1_vs_preflight","S100A4;CXCR4;TNFAIP3;BTG1;FOS;DUSP1;GAPDH;MIF;KLF6;JUN;ZFP36"
"HALLMARK_IL2_STAT5_SIGNALING",0.616185359301545,0.884491384102279,0.0304375369003548,0.223043803585427,0.876198196753008,17,"Other T Cell","I4","FP1_R1_vs_preflight","IKZF2;BCL2;RABGAP1L;AHNAK;CCND3;PRKCH"
"HALLMARK_INFLAMMATORY_RESPONSE",0.88496583143508,0.945387393748472,0.0112579311272932,-0.194943179288246,-0.61953736200568,17,"Other T Cell","I4","FP1_R1_vs_preflight","CCL5;NFKBIA;EMP3;CD69;KLF6;CD48;LY6E"
"HALLMARK_INTERFERON_GAMMA_RESPONSE",0.0727535850545981,0.22387530995395,0.0596578256057473,-0.410979584546298,-1.47533773811562,28,"Other T Cell","I4","FP1_R1_vs_preflight","B2M;HLA-B;HLA-A;CCL5;TNFAIP3;GZMA;BTG1;IFITM2;NFKBIA"
"HALLMARK_KRAS_SIGNALING_UP",0.286769644056414,0.559910466015161,0.0472281823651549,0.292475502409658,1.14895147807871,17,"Other T Cell","I4","FP1_R1_vs_preflight","ETS1;IKZF1;IL7R;DOCK2;RABGAP1L;NIN;ST6GAL1;CTSS"
"HALLMARK_MITOTIC_SPINDLE",0.0839532412327311,0.22387530995395,0.0926961428741135,0.340460494777407,1.43177390593985,20,"Other T Cell","I4","FP1_R1_vs_preflight","ARHGEF3;RASA1;SSH2;DOCK2;NEDD9;CNTRL;NCK2;NIN"
"HALLMARK_MTORC1_SIGNALING",0.675983760149906,0.884491384102279,0.016514410681541,-0.301838721653381,-0.822240506698353,10,"Other T Cell","I4","FP1_R1_vs_preflight","CXCR4;PPIA;GAPDH;CORO1A"
"HALLMARK_MYC_TARGETS_V1",1.89837671814642e-07,4.55610412355141e-06,0.690132458796796,-0.743903248804882,-2.49727724034017,21,"Other T Cell","I4","FP1_R1_vs_preflight","RPS2;RPS3;RPL34;RPL18;RPS6;RPS5;RPL14;RPL6;RPLP0;RACK1;RPL22;RPS10;EEF1B2;PPIA;PABPC1;HSP90AB1"
"HALLMARK_OXIDATIVE_PHOSPHORYLATION",2.39199641815933e-05,0.00028703957017912,0.575610261071129,-0.707656612529002,-2.21450397582589,16,"Other T Cell","I4","FP1_R1_vs_preflight","COX4I1;COX7C;ATP5F1E;ATP6V1G1;NDUFA4;COX6A1;ATP5MG;SLC25A6;COX6C;ATP5MC2;COX8A;UQCRB;UQCR11;NDUFA1;NDUFC2;NNT"
"HALLMARK_P53_PATHWAY",0.0161835068955812,0.121326299924642,0.134050934338562,-0.531293588594261,-1.73295820685237,19,"Other T Cell","I4","FP1_R1_vs_preflight","RPS12;RPL18;S100A4;RPL36;BTG1;RACK1;FOS"
"HALLMARK_PI3K_AKT_MTOR_SIGNALING",0.676709154113557,0.884491384102279,0.0154084290873266,-0.264995721167494,-0.815412775518478,15,"Other T Cell","I4","FP1_R1_vs_preflight","PFN1;CXCR4;CFL1"
"HALLMARK_PROTEIN_SECRETION",0.737076153418566,0.884491384102279,0.0240177315528777,0.241935483870968,0.771275454887318,10,"Other T Cell","I4","FP1_R1_vs_preflight","PAM;ADAM10;RPS6KA3;AP3B1;DOP1A;GALC;SGMS1;USO1;ARFGEF1;CD63"
"HALLMARK_TNFA_SIGNALING_VIA_NFKB",0.029814337986177,0.14310882233365,0.0963025229566543,-0.471467679101059,-1.63064565490747,24,"Other T Cell","I4","FP1_R1_vs_preflight","EIF1;CCL5;TNFAIP3;BTG1;FOS;JUNB;DUSP1;NFKBIA;DUSP2;NR4A2;CD69;KLF6;JUN;RELB;ZFP36;PER1"
"HALLMARK_UV_RESPONSE_DN",0.124478178368121,0.298747628083491,0.0784040413719235,0.308908963768584,1.36356911346526,23,"Other T Cell","I4","FP1_R1_vs_preflight","RUNX1;INPP4B;SYNE1;NEK7;CELF2;ADD3;ATXN1;PTEN;SMAD3;ATRX;TGFBR3;PTPRM;CDK13;MAP2K5;AKT3"
"HALLMARK_UV_RESPONSE_UP",0.447064334790756,0.766396002498438,0.022781336708526,-0.368407183128444,-1.00358001540539,10,"Other T Cell","I4","FP1_R1_vs_preflight","BTG1;FOS;JUNB;NFKBIA;DDX21"
"HALLMARK_ALLOGRAFT_REJECTION",0.00327237728585178,0.0185434712864934,0.354819512103747,-0.44435020911446,-1.93504601023571,26,"CD14+ Monocyte","I4","FP1_R1_vs_preflight","B2M;HLA-A;RPS19;HLA-DRA;RPL39;HLA-E;RPL9;RPS9;CD74;RPS3A;SRGN"
"HALLMARK_APICAL_JUNCTION",0.308664627930683,0.480308643776073,0.0341624934182991,0.319927476172834,1.12588094789634,13,"CD14+ Monocyte","I4","FP1_R1_vs_preflight","VCAN;SKAP2;PTPRC;FYB1;PTEN;MAPK14;RASA1"
"HALLMARK_APOPTOSIS",0.389150460593654,0.480308643776073,0.0297832610562438,0.30760035893764,1.05299976964659,12,"CD14+ Monocyte","I4","FP1_R1_vs_preflight","DPYD;CD44"
"HALLMARK_COMPLEMENT",0.22440537745605,0.476861427094105,0.0413650845498529,0.297453727327542,1.21704730739355,20,"CD14+ Monocyte","I4","FP1_R1_vs_preflight","CD36;USP15;JAK2;KYNU;CPQ"
"HALLMARK_EPITHELIAL_MESENCHYMAL_TRANSITION",0.31371359223301,0.480308643776073,0.0336787638082654,0.337723233629389,1.12382477762194,11,"CD14+ Monocyte","I4","FP1_R1_vs_preflight","VCAN;CD44;NOTCH2;SNTB1;IL15"
"HALLMARK_HYPOXIA",0.484878434473216,0.549528892402978,0.0253090075669071,-0.298740831853774,-0.974008765048627,11,"CD14+ Monocyte","I4","FP1_R1_vs_preflight","S100A4;BTG1;GAPDH;DUSP1;FOS;MAP3K1"
"HALLMARK_IL6_JAK_STAT3_SIGNALING",0.0355257815671945,0.150984571660577,0.108256440008936,0.506548439778781,1.61874889248201,10,"CD14+ Monocyte","I4","FP1_R1_vs_preflight","CD36;TLR2;CD44"
"HALLMARK_INFLAMMATORY_RESPONSE",0.203955500618047,0.476861427094105,0.0435353717179313,0.309428632884455,1.24493323102153,19,"CD14+ Monocyte","I4","FP1_R1_vs_preflight","TLR2;ATP2B1;AHR;RNF144B;SGMS2;CYBB;IL15;CD55;AQP9"
"HALLMARK_INTERFERON_ALPHA_RESPONSE",0.0553585500394011,0.188219070133964,0.0849239419737563,-0.500131252073224,-1.576310882135,10,"CD14+ Monocyte","I4","FP1_R1_vs_preflight","B2M;HLA-C;CD74;IFI30;IRF1;TXNIP"
"HALLMARK_INTERFERON_GAMMA_RESPONSE",0.0836434867776689,0.236989879203395,0.0683519284059275,-0.392025111654074,-1.48220988750492,17,"CD14+ Monocyte","I4","FP1_R1_vs_preflight","B2M;HLA-B;HLA-A;CD74;NFKBIA;IFI30;BTG1;IRF1;TXNIP"
"HALLMARK_KRAS_SIGNALING_UP",0.908297829174275,0.932611803144783,0.0160258554404533,0.166910688140556,0.621735473978881,15,"CD14+ Monocyte","I4","FP1_R1_vs_preflight","HDAC9;EVI5;PPBP;DOCK2;F13A1;IKZF1;ADAM17;SDCCAG8;AVL9;RABGAP1L"
"HALLMARK_MITOTIC_SPINDLE",0.395548294874413,0.480308643776073,0.0294394834013929,0.271310750858446,1.05075177590258,17,"CD14+ Monocyte","I4","FP1_R1_vs_preflight","FGD4;SSH2;AKAP13;NOTCH2;RASA1;CCDC88A;NEDD9;DOCK2;APC;ITSN1;NF1;CNTRL;TIAM1;TRIO;PDLIM5;SOS1;FLNA"
"HALLMARK_MYC_TARGETS_V1",2.44134538379328e-08,4.15028715244858e-07,0.73376198835648,-0.805709393601502,-2.8577208827859,14,"CD14+ Monocyte","I4","FP1_R1_vs_preflight","RPS2;RPL34;RPS3;RPL18;RPS6;RPL14;RPS5;RPL6;RACK1;RPLP0;EIF4A1;RPL22;PABPC1"
"HALLMARK_P53_PATHWAY",0.00250146604626449,0.0185434712864934,0.431707695803346,-0.555295615672458,-2.06581666675594,16,"CD14+ Monocyte","I4","FP1_R1_vs_preflight","RPS12;S100A4;RPL18;RPL36;IFI30;RACK1;BTG1;SAT1;CTSD;FOS;TXNIP"
"HALLMARK_PI3K_AKT_MTOR_SIGNALING",0.932611803144783,0.932611803144783,0.015737355899145,0.151248164464023,0.585764762029263,17,"CD14+ Monocyte","I4","FP1_R1_vs_preflight","PLCB1;PTEN;ITPR2;GSK3B;VAV3;MAPK1;DAPP1;RPS6KA3;PRKCB;MAPKAP1;CAB39;SMAD2;TIAM1;YWHAB;SQSTM1;PFN1;CFL1"
"HALLMARK_TNFA_SIGNALING_VIA_NFKB",0.268148450244698,0.480308643776073,0.0370845733682492,0.295842344492064,1.17005755308839,18,"CD14+ Monocyte","I4","FP1_R1_vs_preflight","TLR2;ATP2B1;CD44;KYNU"
"HALLMARK_UV_RESPONSE_DN",0.364845508491917,0.480308643776073,0.0309764734970582,0.283360502664852,1.07656473555791,16,"CD14+ Monocyte","I4","FP1_R1_vs_preflight","ATP2B1;PTEN;MAPK14;NOTCH2;SIPA1L1;ATXN1;RUNX1;FYN;LPAR1;NEK7"
"HALLMARK_ADIPOGENESIS",0.248221127531472,0.496442255062945,0.0306525980581054,-0.381214502161474,-1.2096579751241,19,"CD16+ Monocyte","I4","FP1_R1_vs_preflight","UBC;COX8A;COX6A1;SOD1;APLP2;UQCR11;TKT;COX7B;NDUFB7;GPX4;ATP5PO;TALDO1;CHCHD10;UQCR10;ATP1B3"
"HALLMARK_ALLOGRAFT_REJECTION",0.0120812056295927,0.063952773336613,0.146151534304949,-0.463130601932313,-1.6848980307302,34,"CD16+ Monocyte","I4","FP1_R1_vs_preflight","B2M;RPS19;RPS9;HLA-A;RPL39;RPS3A;HLA-DRA;RPL9;CD74;HLA-E;SRGN;FLNA;TIMP1"
"HALLMARK_ANDROGEN_RESPONSE",0.517455621301775,0.797413793103448,0.0196716910524353,-0.342030920637212,-0.958981484918811,12,"CD16+ Monocyte","I4","FP1_R1_vs_preflight","B2M;MYL12A"
"HALLMARK_APICAL_JUNCTION",0.668145056091834,0.863790104367994,0.0140809028191376,-0.248870706787273,-0.845007317950178,25,"CD16+ Monocyte","I4","FP1_R1_vs_preflight","ACTB;PFN1;ACTG1;GNAI2;MYL12B"
"HALLMARK_APOPTOSIS",0.572112753147236,0.810382146589043,0.0170220185185196,-0.289874868307518,-0.919821896197723,19,"CD16+ Monocyte","I4","FP1_R1_vs_preflight","IFITM3;TSPO;TIMP1;SOD1;ANXA1;LGALS3;BID;SQSTM1;IRF1;TXNIP;SOD2;GPX4"
"HALLMARK_COAGULATION",0.209013914095584,0.482339801759039,0.0360343478517525,-0.475628176908282,-1.26951869988485,10,"CD16+ Monocyte","I4","FP1_R1_vs_preflight","CFD;SERPINA1;TIMP1;ANXA1;RAC1;C1QA;GNB2"
"HALLMARK_COMPLEMENT",0.232286432160804,0.496442255062945,0.0302960517152991,-0.342221215813453,-1.22201644023201,31,"CD16+ Monocyte","I4","FP1_R1_vs_preflight","PFN1;FCER1G;SERPINA1;CALM1;GNAI2;TIMP1;RHOG;CEBPB;S100A9;CTSS;PSMB9"
"HALLMARK_EPITHELIAL_MESENCHYMAL_TRANSITION",0.313165680473373,0.587185650887574,0.0278437578519039,-0.410871027733223,-1.1519944090191,12,"CD16+ Monocyte","I4","FP1_R1_vs_preflight","LGALS1;EMP3;VIM;FLNA;TIMP1;ID2"
"HALLMARK_ESTROGEN_RESPONSE_LATE",0.861538461538462,0.88527397260274,0.0122181057177976,-0.230447452981636,-0.646125327629352,12,"CD16+ Monocyte","I4","FP1_R1_vs_preflight","SERPINA1;S100A9;ID2;COX6C"
"HALLMARK_FATTY_ACID_METABOLISM",0.531609195402299,0.797413793103448,0.0195983892032361,-0.352207740386824,-0.940092144186586,10,"CD16+ Monocyte","I4","FP1_R1_vs_preflight","LGALS1;HSP90AA1;PSME1;S100A10"
"HALLMARK_GLYCOLYSIS",0.698194325021496,0.863790104367994,0.0148029637845584,-0.273408890771107,-0.800695330511785,14,"CD16+ Monocyte","I4","FP1_R1_vs_preflight","PPIA;TPI1;PGK1;ENO1;SOD1;HSPA5;CXCR4;PGLS;TALDO1;MIF"
"HALLMARK_HYPOXIA",0.0772691188145012,0.215352145704682,0.0579561436845735,-0.438409877753001,-1.46037329356921,23,"CD16+ Monocyte","I4","FP1_R1_vs_preflight","S100A4;CDKN1C;BTG1;KLF6;TPI1;GAPDH;DUSP1;PGK1;ENO1;MT2A;HSPA5;PLAC8;PRDX5;MYH9;FOS;CXCR4;PNRC1;ZFP36;MIF"
"HALLMARK_IL2_STAT5_SIGNALING",0.594280240831965,0.810382146589043,0.0164674077156548,-0.284045150333225,-0.901323216844382,19,"CD16+ Monocyte","I4","FP1_R1_vs_preflight","IFITM3;CDKN1C;KLF6;FGL2;LTB;CD48;GBP4;SNX9;GPX4;CDC42SE2;RNH1;CD83;SYNGR2"
"HALLMARK_INFLAMMATORY_RESPONSE",0.88527397260274,0.88527397260274,0.0282591857836756,0.151169724691725,0.675781283347281,25,"CD16+ Monocyte","I4","FP1_R1_vs_preflight","RNF144B;CYBB;TLR2"
"HALLMARK_INTERFERON_ALPHA_RESPONSE",0.000862565575716454,0.00862565575716454,0.477270815362862,-0.631630885771261,-1.9418720239691,17,"CD16+ Monocyte","I4","FP1_R1_vs_preflight","B2M;HLA-C;IFITM3;IFITM2;CD74;IFI30;LY6E;PSME2;PSME1;PSMB9;PSMB8;BST2;IRF1;TXNIP;GBP4"
"HALLMARK_INTERFERON_GAMMA_RESPONSE",0.0127905546673226,0.063952773336613,0.141072897117004,-0.451449852862551,-1.67430869234965,37,"CD16+ Monocyte","I4","FP1_R1_vs_preflight","B2M;HLA-B;HLA-A;IFITM3;IFITM2;CD74;IFI30;BTG1;LY6E;PSME2;PSME1;HLA-DRB1;PSMB9;FGL2;PSMB8;MT2A;PSMB10;BST2;IRF1;NFKBIA;TXNIP;PTPN6;GBP4;SOD2"
"HALLMARK_KRAS_SIGNALING_UP",0.515140045420136,0.797413793103448,0.0363555960049805,0.233570631792502,0.960283074325164,20,"CD16+ Monocyte","I4","FP1_R1_vs_preflight","HDAC9;DOCK2;RABGAP1L;IKZF1;EVI5;ST6GAL1"
"HALLMARK_MITOTIC_SPINDLE",0.050513698630137,0.208333333333333,0.132308522605383,0.337401764644567,1.50830331920042,25,"CD16+ Monocyte","I4","FP1_R1_vs_preflight","NOTCH2;NEDD9;FGD4;DOCK2;RASA1;SSH2;AKAP13;VCL;PDLIM5;TRIO"
"HALLMARK_MTORC1_SIGNALING",0.0755332155957071,0.215352145704682,0.0594870687313202,-0.458730290158903,-1.4726843476251,20,"CD16+ Monocyte","I4","FP1_R1_vs_preflight","CORO1A;IFI30;PPIA;TPI1;GAPDH;FGL2;PGK1;ENO1;ITGB2;CFP;SERP1;SQSTM1;HSPA5;PRDX1"
"HALLMARK_MYC_TARGETS_V1",4.92541769577998e-06,0.000147762530873399,0.610526878385931,-0.619837122644134,-2.26959768611359,35,"CD16+ Monocyte","I4","FP1_R1_vs_preflight","RPL34;RPS2;RPS3;RPS6;RPL18;RPL14;RPL6;RPS5;RACK1;EEF1B2;RPL22;PPIA;RPLP0;PABPC1;RPS10;EIF4A1;HSP90AB1;NAP1L1;PSMA7;SLC25A3;PGK1;HNRNPA1;SET"
"HALLMARK_MYOGENESIS",0.445886169271601,0.786857945773414,0.034189115358795,0.315914523048488,0.995927302158537,10,"CD16+ Monocyte","I4","FP1_R1_vs_preflight","MEF2C;SVIL;MEF2A;RB1"
"HALLMARK_OXIDATIVE_PHOSPHORYLATION",8.28438384796033e-05,0.00124265757719405,0.538434096309916,-0.560928686887621,-2.11423757711567,40,"CD16+ Monocyte","I4","FP1_R1_vs_preflight","ATP5F1E;COX4I1;SLC25A6;COX7C;UQCRB;NDUFA4;ATP6V0C;COX8A;ATP5MG;COX6A1;SLC25A3;COX6B1;COX6C;ATP5MC2;ATP6V1G1;COX7A2;ATP6V0B;COX5B;SLC25A5;UQCR11;NDUFS6;ATP5F1B;COX7B;NDUFA1;NDUFB7;GPX4;ATP5MF;ATP5PO;UQCRH;ATP5F1D;ATP5MC3;NDUFC2;NDUFB8;NDUFB2;UQCRFS1;COX5A;UQCR10;ATP5F1A"
"HALLMARK_P53_PATHWAY",0.0120033112582781,0.063952773336613,0.154446348855961,-0.551807853384519,-1.72707091472795,18,"CD16+ Monocyte","I4","FP1_R1_vs_preflight","S100A4;RPS12;RPL18;RPL36;RACK1;IFI30;BTG1;S100A10"
"HALLMARK_PI3K_AKT_MTOR_SIGNALING",0.732236753404341,0.863790104367994,0.0132343273218688,-0.241278577804505,-0.784483930853758,21,"CD16+ Monocyte","I4","FP1_R1_vs_preflight","PFN1;CFL1;ARPC3;YWHAB"
"HALLMARK_PROTEIN_SECRETION",0.841639634326158,0.88527397260274,0.02283161494371,0.220754716981132,0.695933974798765,10,"CD16+ Monocyte","I4","FP1_R1_vs_preflight","STX7;ADAM10;AP3B1;MAPK1;RPS6KA3;ARFGEF1;ARF1;CD63;COPE;SOD1"
"HALLMARK_TNFA_SIGNALING_VIA_NFKB",0.748618090452261,0.863790104367994,0.0118821043920751,-0.218620900441057,-0.780659766760125,31,"CD16+ Monocyte","I4","FP1_R1_vs_preflight","EIF1;JUNB;BTG1;CEBPB;KLF6;DUSP1;ID2;KLF2;SQSTM1;IRF1;NFKBIA;MARCKS;SOD2;FOS;PNRC1;CEBPD;ZFP36;CD83;NINJ1"
"HALLMARK_UNFOLDED_PROTEIN_RESPONSE",0.147239263803681,0.368098159509202,0.0436825028426649,-0.495564676984612,-1.35679816916889,11,"CD16+ Monocyte","I4","FP1_R1_vs_preflight","RPS14;EIF4A1;CEBPB;EEF2;SERP1;HSPA5;SPCS1;BANF1;YWHAZ"
"HALLMARK_UV_RESPONSE_DN",0.0555555555555556,0.208333333333333,0.115931642749028,0.388817454533704,1.53272541310724,18,"CD16+ Monocyte","I4","FP1_R1_vs_preflight","NOTCH2;ATP2B1;ATXN1;PTEN;CELF2;PDLIM5;MAPK14;NEK7;SIPA1L1;NIPBL;RUNX1;PRKCE;ADD3;MAP2K5;NFKB1;FYN;PHF3"
"HALLMARK_UV_RESPONSE_UP",0.0789624534250502,0.215352145704682,0.0597724230084275,-0.505233497451755,-1.47960843953107,14,"CD16+ Monocyte","I4","FP1_R1_vs_preflight","JUNB;CDKN1C;BTG1;TMBIM6;HLA-F;BID;SQSTM1;IRF1;NFKBIA;SOD2;FOS"
"HALLMARK_XENOBIOTIC_METABOLISM",0.838988278840222,0.88527397260274,0.0236055792829118,0.20226843100189,0.688575801949748,12,"CD16+ Monocyte","I4","FP1_R1_vs_preflight","KYNU;PDK4;PDLIM5;CD36;GCH1;ABCC3;NINJ1;PTGES3;PSMB10;MT2A;ID2;TMBIM6"
"HALLMARK_ADIPOGENESIS",0.125648021828104,0.439768076398363,0.0453100651044091,-0.529571165801068,-1.38973025011348,12,"Dendritic Cell","I4","FP1_R1_vs_preflight","UBC;COX8A;COX6A1;UQCR11;DDT;COX7B;GPX4;ATP5PO;NDUFB7;MDH2;SOD1"
"HALLMARK_ALLOGRAFT_REJECTION",0.00817407322127562,0.0457748100391435,0.171214318379654,-0.535164253628638,-1.74590910221586,32,"Dendritic Cell","I4","FP1_R1_vs_preflight","RPS19;RPS3A;RPL9;RPL39;RPS9;B2M;HLA-DRA;CD74;HLA-A;GZMB;SRGN;HLA-DMA"
"HALLMARK_ANDROGEN_RESPONSE",0.701227830832196,0.801986843871661,0.0140302708809171,-0.305254429266538,-0.801065733424377,12,"Dendritic Cell","I4","FP1_R1_vs_preflight","B2M;MYL12A"
"HALLMARK_APICAL_JUNCTION",0.54177344951307,0.800340933304922,0.0168586444268299,-0.329887805354326,-0.940746382765092,17,"Dendritic Cell","I4","FP1_R1_vs_preflight","ACTB;PFN1;ACTG1;MYL12B;GNAI2;ARPC2"
"HALLMARK_APOPTOSIS",0.712508884150675,0.801986843871661,0.028813567878678,0.235131679845642,0.788199757858709,11,"Dendritic Cell","I4","FP1_R1_vs_preflight","DPYD;CD44;ROCK1;NEDD9;PAK1;CFLAR"
"HALLMARK_COMPLEMENT",0.744702069309399,0.801986843871661,0.0118451362787552,-0.257538247074123,-0.763144741234332,20,"Dendritic Cell","I4","FP1_R1_vs_preflight","PFN1;GZMB;FCER1G;CALM1;GNAI2;IRF7"
"HALLMARK_EPITHELIAL_MESENCHYMAL_TRANSITION",0.536375017387676,0.800340933304922,0.0182131166810028,-0.36851164222246,-0.9426292902084,11,"Dendritic Cell","I4","FP1_R1_vs_preflight","VIM;LGALS1;PPIB;EMP3;CAPG;ID2;TGFB1"
"HALLMARK_ESTROGEN_RESPONSE_EARLY",0.410092395167022,0.786550203527815,0.0399533206453487,0.310538616341396,1.04097611332829,11,"Dendritic Cell","I4","FP1_R1_vs_preflight","JAK2;AFF1;CD44;RAB31;MED13L;RPS6KA2;ELOVL5;TIAM1"
"HALLMARK_ESTROGEN_RESPONSE_LATE",0.689745508982036,0.801986843871661,0.0303565056020427,0.232789610882076,0.806557131821898,12,"Dendritic Cell","I4","FP1_R1_vs_preflight","JAK2;AFF1;CD44;RAB31;RPS6KA2;ELOVL5;TIAM1;ZFP36;ID2;CLIC3;FOS;COX6C"
"HALLMARK_G2M_CHECKPOINT",0.449457259158752,0.786550203527815,0.0369230408146938,0.308770641983201,0.999525507763424,10,"Dendritic Cell","I4","FP1_R1_vs_preflight","NOTCH2;MAPK14;E2F3;ATRX;SLC38A1;XPO1;MAP3K20;PRIM2"
"HALLMARK_GLYCOLYSIS",0.382028112449799,0.786550203527815,0.0218116252697408,-0.371498488682229,-1.0896876409142,19,"Dendritic Cell","I4","FP1_R1_vs_preflight","PPIA;TXN;CXCR4;TPI1;MIF;ENO1;B4GALT1;PGLS;PGK1;HSPA5;MDH2;SOD1;IL13RA1;HS2ST1;ME2;ZNF292"
"HALLMARK_HEME_METABOLISM",0.302771855010661,0.783409314382766,0.0472887835303581,0.342003853564547,1.14645272276065,11,"Dendritic Cell","I4","FP1_R1_vs_preflight","BMP2K;USP15;BACH1;CAST;NNT;NEK7;DAAM1;RBM5;NR3C1;YPEL5;PGLS"
"HALLMARK_HYPOXIA",0.368726823238566,0.786550203527815,0.0221299348211727,-0.365988373551338,-1.09745823512614,21,"Dendritic Cell","I4","FP1_R1_vs_preflight","S100A4;GAPDH;BTG1;CXCR4;FOS;TPI1;MIF;ENO1;PRDX5;KLF6;ANXA2;PGK1;PNRC1;HSPA5;ZFP36;NR3C1"
"HALLMARK_IL2_STAT5_SIGNALING",0.543088490456912,0.800340933304922,0.0448289482319963,0.210526809430746,0.934465621485028,23,"Dendritic Cell","I4","FP1_R1_vs_preflight","ALCAM;SCN9A;AHR;MYO1E;PLSCR1;RABGAP1L;AHNAK;CD44;NCOA3;IRF8;LRRC8C;TIAM1;PLAGL1;SELL;MAPKAPK2;GPX4;IL3RA;KLF6;CD48;CAPG;RNH1;SNX9"
"HALLMARK_INFLAMMATORY_RESPONSE",0.307767944936087,0.783409314382766,0.0558515993199052,0.272828647084964,1.13006310438777,19,"Dendritic Cell","I4","FP1_R1_vs_preflight","ATP2B1;CALCRL;PTPRE;AHR"
"HALLMARK_INTERFERON_ALPHA_RESPONSE",0.0480225988700565,0.192090395480226,0.0750347375750997,-0.581956170184382,-1.55777210139431,13,"Dendritic Cell","I4","FP1_R1_vs_preflight","B2M;CD74;HLA-C;PSME1;IFI30;IRF7;PSME2;IFITM2;BST2"
"HALLMARK_INTERFERON_GAMMA_RESPONSE",0.283125577100646,0.783409314382766,0.0253090075669071,-0.361922120353144,-1.17494139123212,31,"Dendritic Cell","I4","FP1_R1_vs_preflight","B2M;HLA-B;CD74;HLA-A;HLA-DMA;HLA-DRB1;VAMP8;PSME1;IFI30;IRF7;BTG1;PSME2;PSMB10;NFKBIA;IFITM2;BST2"
"HALLMARK_KRAS_SIGNALING_UP",0.605703048180924,0.801986843871661,0.0384965220571916,0.215472091102621,0.892490809825126,19,"Dendritic Cell","I4","FP1_R1_vs_preflight","HDAC9;IKZF1;DOCK2;SDCCAG8;MAP3K1;RABGAP1L"
"HALLMARK_MITOTIC_SPINDLE",0.00251512951995583,0.0234745421862544,0.431707695803346,0.464015529732889,2.00780570662471,21,"Dendritic Cell","I4","FP1_R1_vs_preflight","DST;TRIO;FGD4;RASA1;NF1;DOCK2;MYO1E;CCDC88A;NOTCH2;CNTRL;ROCK1;APC;NEDD9;AKAP13;RABGAP1;TIAM1;NIN;ITSN1;TUBGCP2"
"HALLMARK_MTORC1_SIGNALING",0.42870249017038,0.786550203527815,0.0206949382468888,-0.377696836307121,-1.04671297995465,15,"Dendritic Cell","I4","FP1_R1_vs_preflight","GAPDH;PPIA;CORO1A;IFI30;CXCR4;TPI1;ITGB2;ENO1;HSP90B1"
"HALLMARK_MYC_TARGETS_V1",1.56684425889832e-05,0.000438716392491529,0.575610261071129,-0.643187221613638,-2.13875281570605,36,"Dendritic Cell","I4","FP1_R1_vs_preflight","RPS2;RPL34;RPL18;RPS3;RPS6;RPL6;RPLP0;RPS5;RPL22;RACK1;RPL14;EEF1B2;PPIA;RPS10;PABPC1;HNRNPA1;HSP90AB1;EIF4A1;SLC25A3;NPM1;SET"
"HALLMARK_OXIDATIVE_PHOSPHORYLATION",0.000129940051020642,0.00181916071428899,0.518848077743792,-0.594153120580259,-2.01532373834015,41,"Dendritic Cell","I4","FP1_R1_vs_preflight","COX4I1;ATP5F1E;SLC25A6;COX7C;ATP5MC2;ATP5MG;UQCRB;COX8A;NDUFA4;SLC25A5;COX6A1;COX6B1;ATP5F1A;SLC25A3;COX6C;ATP5MC3;NDUFC2;ATP6V0C;ATP6V0B;NDUFA1;ATP5F1D;UQCRH;NDUFB8;COX7A2;LDHB;ATP6V1G1;UQCR11;COX5A;ATP5F1B;COX5B;COX7B;ATP5MF;ATP5ME;NDUFS6;GPX4;ATP5PO;NDUFB2;NDUFB7"
"HALLMARK_P53_PATHWAY",0.00648340248962656,0.0453838174273859,0.204544131818546,-0.628869484928138,-1.76813387952426,16,"Dendritic Cell","I4","FP1_R1_vs_preflight","RPS12;RPL18;RPL36;RACK1;S100A4;HINT1;VAMP8;S100A10;IFI30;BTG1;FOS"
"HALLMARK_PI3K_AKT_MTOR_SIGNALING",0.624221991701245,0.801986843871661,0.0149758443095888,-0.309818674755364,-0.871088371233128,16,"Dendritic Cell","I4","FP1_R1_vs_preflight","PFN1;CFL1;ARPC3;RAC1;CXCR4;YWHAB;PPP1CA;HSP90B1"
"HALLMARK_PROTEIN_SECRETION",0.716430020283976,0.801986843871661,0.0311574291155154,0.21256038647343,0.785276753140946,14,"Dendritic Cell","I4","FP1_R1_vs_preflight","DST;RPS6KA3;AP3B1;STX7;MON2;SNX2;SGMS1;DOP1A;ERGIC3;SOD1;AP2M1;CD63;AP2S1"
"HALLMARK_TNFA_SIGNALING_VIA_NFKB",0.933483935742972,0.933483935742972,0.00846885105519659,-0.186587192071305,-0.547301707401832,19,"Dendritic Cell","I4","FP1_R1_vs_preflight","EIF1;BTG1;FOS;NFKBIA;JUNB;GPR183;ID2;B4GALT1;KLF6;DUSP5;PNRC1"
"HALLMARK_UV_RESPONSE_DN",0.0465558194774347,0.192090395480226,0.145392780236481,0.395589258663463,1.60788803631433,18,"Dendritic Cell","I4","FP1_R1_vs_preflight","ATP2B1;PRKCE;NIPBL;CELF2;NOTCH2;RUNX1;ZMIZ1;MAPK14;ATP2C1;DYRK1A;MAP2K5;ATRX;NEK7;ATRN;CDK13;PHF3;NR3C1"
"HALLMARK_XENOBIOTIC_METABOLISM",0.801224092363333,0.83089905874716,0.0123795661765257,-0.28014772942074,-0.716600033976543,11,"Dendritic Cell","I4","FP1_R1_vs_preflight","PTGDS;PSMB10;TMBIM6;ID2;DDT;PTGES3"
"HALLMARK_ALLOGRAFT_REJECTION",0.016632860040568,0.0632048681541582,0.129547467550097,-0.420399449277229,-1.72551626644099,35,"Natural Killer Cell","I4","FP1_R1_vs_preflight","B2M;RPS19;RPL39;HLA-A;RPL9;GZMA;CCL5;RPS3A;RPS9;GZMB;CD7;SRGN;HLA-E;PRF1"
"HALLMARK_ANDROGEN_RESPONSE",0.79572259789275,0.839929408886792,0.0142566440784238,-0.233655373305827,-0.712987610041141,12,"Natural Killer Cell","I4","FP1_R1_vs_preflight","B2M;MYL12A"
"HALLMARK_APICAL_JUNCTION",0.658393501805054,0.781842283393502,0.0163539576934979,-0.246941625210617,-0.835079891459475,17,"Natural Killer Cell","I4","FP1_R1_vs_preflight","PFN1;ACTB;ACTG1;MYL12B;ARPC2;CD99"
"HALLMARK_COMPLEMENT",0.113841978287093,0.255969624525383,0.0505022782052486,-0.427279384673659,-1.42302673318606,16,"Natural Killer Cell","I4","FP1_R1_vs_preflight","PFN1;CALM1;GZMA;CCL5;GZMB;FCER1G;TNFAIP3"
"HALLMARK_EPITHELIAL_MESENCHYMAL_TRANSITION",0.774517620794132,0.839929408886792,0.0148474702573573,-0.247998492041454,-0.734131998511399,11,"Natural Killer Cell","I4","FP1_R1_vs_preflight","TNFAIP3;EMP3;LGALS1;TGFB1;IL32;ID2;PPIB"
"HALLMARK_ESTROGEN_RESPONSE_LATE",0.862222222222222,0.862222222222222,0.021506409820865,0.185929648241206,0.66754694640499,13,"Natural Killer Cell","I4","FP1_R1_vs_preflight","ADD3;AFF1;JAK2;S100A9;ATP2B4;RABEP1;BCL2;DUSP2;ID2;ZFP36;COX6C;FOS;CLIC3"
"HALLMARK_HYPOXIA",0.332665330661323,0.486203175581933,0.0275061230988845,-0.353215138894511,-1.12971591940488,14,"Natural Killer Cell","I4","FP1_R1_vs_preflight","S100A4;BTG1;CXCR4;TNFAIP3;GAPDH;FOS;DUSP1;ZFP36"
"HALLMARK_IL2_STAT5_SIGNALING",0.149032992036405,0.257420622608336,0.061381954012731,0.356788456957029,1.31680929582421,14,"Natural Killer Cell","I4","FP1_R1_vs_preflight","IKZF2;RABGAP1L;AHNAK;RORA;HIPK2;IGF1R;TTC39B;CCND3;IGF2R"
"HALLMARK_INFLAMMATORY_RESPONSE",0.297250859106529,0.470647193585338,0.0297639268989764,-0.373831816018204,-1.16916183082785,13,"Natural Killer Cell","I4","FP1_R1_vs_preflight","CCL5;CD69;NFKBIA;EMP3;NFKB1;LY6E;IFITM1;ATP2C1;IL7R;PIK3R5;IL18R1"
"HALLMARK_INTERFERON_ALPHA_RESPONSE",0.129963323233934,0.255969624525383,0.0484486107620495,-0.469173488490137,-1.3888603431357,11,"Natural Killer Cell","I4","FP1_R1_vs_preflight","B2M;HLA-C;IFITM2"
"HALLMARK_INTERFERON_GAMMA_RESPONSE",0.13472085501336,0.255969624525383,0.0443353901052009,-0.354630142085635,-1.36248185362948,27,"Natural Killer Cell","I4","FP1_R1_vs_preflight","B2M;HLA-B;HLA-A;GZMA;CCL5;IFITM2;BTG1;CD69;TNFAIP3;NFKBIA;PSME1"
"HALLMARK_KRAS_SIGNALING_UP",0.398628503279666,0.540995825879547,0.0367314785613611,0.260887909074235,1.04131792389395,17,"Natural Killer Cell","I4","FP1_R1_vs_preflight","ETS1;IKZF1;RABGAP1L;DOCK2;ST6GAL1"
"HALLMARK_MITOTIC_SPINDLE",0.118862275449102,0.255969624525383,0.071001584690387,0.336283185840708,1.3791445492996,18,"Natural Killer Cell","I4","FP1_R1_vs_preflight","ARHGEF3;DOCK2;RASA1;CLASP1;SSH2;CNTRL;PREX1;NEDD9;PCM1;KIFAP3;AKAP13;RAPGEF6;VCL;SOS1;NIN;NF1;APC;RICTOR"
"HALLMARK_MYC_TARGETS_V1",9.74174595395915e-07,1.85093173125224e-05,0.643551836150722,-0.683757695868912,-2.51194427500684,23,"Natural Killer Cell","I4","FP1_R1_vs_preflight","RPS2;RPS3;RPL34;RPL18;RPS6;RPS5;RPL14;RPL6;RACK1;RPLP0;RPL22;RPS10;PPIA;EEF1B2;EIF4A1;HNRNPC;HSP90AB1;SET;CTPS1;SRSF7"
"HALLMARK_OXIDATIVE_PHOSPHORYLATION",0.000185949031963232,0.00176651580365071,0.518848077743792,-0.702261306532663,-2.19632754539357,13,"Natural Killer Cell","I4","FP1_R1_vs_preflight","COX4I1;ATP5F1E;COX7C;COX6C;ATP5MG;COX6A1;COX8A;NDUFA4;NDUFB7;COX7A2;ATP6V1G1;ATP5MC2;ATP5F1D"
"HALLMARK_P53_PATHWAY",0.0103283490057037,0.0490596577770926,0.17632375173773,-0.564554083689048,-1.80565798426616,14,"Natural Killer Cell","I4","FP1_R1_vs_preflight","RPS12;RPL18;S100A4;RPL36;BTG1;RACK1;HINT1;FOS"
"HALLMARK_PI3K_AKT_MTOR_SIGNALING",0.582796037112754,0.738208313676155,0.0188034759211461,-0.291282156093094,-0.88883283693466,12,"Natural Killer Cell","I4","FP1_R1_vs_preflight","PFN1;CFL1"
"HALLMARK_TNFA_SIGNALING_VIA_NFKB",0.000968837077909198,0.00613596816009159,0.477270815362862,-0.549353927875678,-2.01818050812022,23,"Natural Killer Cell","I4","FP1_R1_vs_preflight","EIF1;CCL5;BTG1;JUNB;NR4A2;CD69;TNFAIP3;FOS;NFKBIA;REL;IER2;DUSP1;ZFP36;CCL4;LITAF;NFKB1;ID2;DUSP2"
"HALLMARK_UV_RESPONSE_DN",0.0565004324012684,0.17891803593735,0.10216770010847,0.405517535596476,1.53865230377381,15,"Natural Killer Cell","I4","FP1_R1_vs_preflight","SYNE1;TGFBR3;RUNX1;CELF2;NEK7;ADD3"
"HALLMARK_ALLOGRAFT_REJECTION",0.172725446876883,0.328178349066078,0.0470476102932455,0.284821107897853,1.28489352369435,27,"Other","I4","FP1_R1_vs_preflight","PF4;ETS1;CTSS;PTPRC;ITK;CD247;FYB1;CD47;CCL5;ST8SIA4"
"HALLMARK_ANDROGEN_RESPONSE",0.476125244618395,0.565398727984344,0.0254464858615218,0.284121121574217,0.983028009439538,13,"Other","I4","FP1_R1_vs_preflight","TNFAIP8;TSC22D1;ANKH;NCOA4;FKBP5;CDK6;STK39;IQGAP2"
"HALLMARK_APICAL_JUNCTION",0.00429352068696331,0.027192297684101,0.310776919977249,0.558132084533326,1.98828311219204,14,"Other","I4","FP1_R1_vs_preflight","VCL;PTPRC;RASA1;VCAN;FYB1;ITGB1;EVL;MYH9"
"HALLMARK_APOPTOSIS",0.019387359441644,0.0736719658782474,0.143909619745855,0.511025579939435,1.71991822247975,12,"Other","I4","FP1_R1_vs_preflight","LEF1;DPYD;CLU;MGMT;ANKH;TXNIP;SOD2;IGF2R;CFLAR;TGFBR3;HGF"
"HALLMARK_COAGULATION",0.0476744186046512,0.129401993355482,0.0909392279226991,0.506699910896912,1.5816825554554,10,"Other","I4","FP1_R1_vs_preflight","PF4;A2M;CLU;CPQ;ITGB3;SPARC"
"HALLMARK_COMPLEMENT",0.032623831310921,0.10330879915125,0.111901382188671,0.409716884775591,1.66553150915056,20,"Other","I4","FP1_R1_vs_preflight","DOCK10;CTSS;CLU;KIF2A;CCL5;CPQ;DOCK9;RASGRP1"
"HALLMARK_ESTROGEN_RESPONSE_EARLY",0.371428571428571,0.546786860615994,0.0298123151023384,0.310169344961064,1.07315201374986,13,"Other","I4","FP1_R1_vs_preflight","ADD3;BCL11B;IL6ST;RASGRP1;RETREG1;FKBP5;MYBL1"
"HALLMARK_HEME_METABOLISM",0.539892517569244,0.603409284342096,0.024266743325205,-0.247086543585309,-0.922942596002552,16,"Other","I4","FP1_R1_vs_preflight","EZH1;DAAM1;FBXO9;MPP1;CDR2;MARK3;BMP2K;CCND3;KAT2B;DCAF10;EIF2AK1;RIOK3;USP15"
"HALLMARK_IL2_STAT5_SIGNALING",0.575588599752168,0.607565744182844,0.0232125164221697,-0.244458593517918,-0.892249095939334,15,"Other","I4","FP1_R1_vs_preflight","MAP3K8;IL3RA;SOCS2;CDC42SE2"
"HALLMARK_INFLAMMATORY_RESPONSE",0.408843007401636,0.546786860615994,0.0279948214942274,0.319311665584502,1.03298767962112,11,"Other","I4","FP1_R1_vs_preflight","IL7R;CCL5;RASGRP1;ITGB3;ABI1"
"HALLMARK_INTERFERON_GAMMA_RESPONSE",0.431673837328416,0.546786860615994,0.0279274643465237,-0.264117992686022,-1.02485561706594,18,"Other","I4","FP1_R1_vs_preflight","NAMPT;PELI1;CSF2RB;HLA-A;BTG1;HLA-B"
"HALLMARK_KRAS_SIGNALING_UP",0.0017485206598205,0.0166109462682947,0.45505986738723,0.55339212300302,2.03129478644845,15,"Other","I4","FP1_R1_vs_preflight","PPBP;IL7R;ETS1;IKZF1;CTSS;F13A1;ANKH;AMMECR1;GNG11;ST6GAL1"
"HALLMARK_MITOTIC_SPINDLE",0.0182783018867925,0.0736719658782474,0.149308206900753,0.439700655898964,1.7591910397321,19,"Other","I4","FP1_R1_vs_preflight","NCK2;VCL;RASA1;ARHGEF3;RAPGEF6;MYH9;TLK1;PCM1;FLNA;ABI1"
"HALLMARK_MYC_TARGETS_V1",3.2909661199379e-07,6.25283562788202e-06,0.674962860011025,-0.705730401927232,-2.89993529110004,21,"Other","I4","FP1_R1_vs_preflight","RPL34;RPS3;RPL18;RPS6;RPS2;RPL14;RPS5;RPL6;RPL22;RPLP0;PABPC1;RACK1;EEF1B2;RPS10;EIF4A1"
"HALLMARK_P53_PATHWAY",0.0684706847068471,0.162617876178762,0.0776714573195423,-0.428773154178939,-1.53233700448861,14,"Other","I4","FP1_R1_vs_preflight","RPS12;RPL18;RPL36;RACK1;BTG1"
"HALLMARK_PI3K_AKT_MTOR_SIGNALING",0.891331142152835,0.891331142152835,0.0164808198402051,-0.194950655836646,-0.637689239052292,11,"Other","I4","FP1_R1_vs_preflight","PFN1;CXCR4;PDK1;LCK;MAP3K7;DAPP1;ACTR3;VAV3;SMAD2"
"HALLMARK_TNFA_SIGNALING_VIA_NFKB",0.383684621389539,0.546786860615994,0.0291689027518225,0.298376527073984,1.0629329979332,14,"Other","I4","FP1_R1_vs_preflight","IL7R;IL6ST;CCL5;TNFAIP8;TSC22D1"
"HALLMARK_UV_RESPONSE_DN",0.140658484317163,0.296945689114012,0.0517363831268346,0.350520448586074,1.34775127243405,17,"Other","I4","FP1_R1_vs_preflight","ADD3;PRKAR2B;MAP2K5;SYNE1;MGMT;ITGB3;NEK7;BCKDHB;DLG1;TGFBR3;RUNX1"
"HALLMARK_UV_RESPONSE_UP",0.194961240310078,0.336751233262861,0.0431492457223638,0.407984090424367,1.27353746241105,10,"Other","I4","FP1_R1_vs_preflight","PLCL1;IL6ST;RAB27A;RASGRP1"
"HALLMARK_ALLOGRAFT_REJECTION",0.139812556168956,0.241494415200924,0.0412797479600563,-0.357866333630808,-1.32335179671236,38,"PBMC Pseudobulk","I4","FP1_R1_vs_preflight","RPS19;RPL39;B2M;RPL9;RPS3A;RPS9;HLA-A;LTB;CCL5;CD3D;GZMA;HLA-E;SRGN;CD7"
"HALLMARK_APICAL_JUNCTION",0.0911680911680912,0.216524216524217,0.0838535061362348,0.390765435446637,1.43644569563908,16,"PBMC Pseudobulk","I4","FP1_R1_vs_preflight","VCAN;SYK;FYB1;SKAP2;RASA1;PTPRC;PTEN"
"HALLMARK_APOPTOSIS",0.443429581614614,0.566675,0.0342826850032942,0.309446392369967,1.01324952210429,12,"PBMC Pseudobulk","I4","FP1_R1_vs_preflight","DPYD;LEF1;NEDD9;SAT1"
"HALLMARK_COMPLEMENT",0.118387909319899,0.237338764426341,0.0782805675040982,0.331415715898314,1.36200050245564,22,"PBMC Pseudobulk","I4","FP1_R1_vs_preflight","CD36;JAK2;FCN1;KYNU;USP15;CTSS;LYN;CPQ;LCP2"
"HALLMARK_ESTROGEN_RESPONSE_EARLY",0.0660968660968661,0.199698355092614,0.0937158165018434,0.477783689904497,1.51534280236975,11,"PBMC Pseudobulk","I4","FP1_R1_vs_preflight","JAK2;MED13L;AFF1;GAB2;RAB31;CD44;ADD3;BCL2;SVIL"
"HALLMARK_ESTROGEN_RESPONSE_LATE",0.448876404494382,0.566675,0.0330872308718024,0.330506328000328,1.00494659033874,10,"PBMC Pseudobulk","I4","FP1_R1_vs_preflight","JAK2;AFF1;RAB31;CD44;ADD3;BCL2;S100A9;SNX10"
"HALLMARK_HYPOXIA",0.53866866118175,0.602041444850191,0.0192341172498958,-0.326679422664731,-0.934634340835125,13,"PBMC Pseudobulk","I4","FP1_R1_vs_preflight","S100A4;BTG1;CXCR4;TNFAIP3;GAPDH;MIF"
"HALLMARK_IL2_STAT5_SIGNALING",0.971507890122735,0.971507890122735,0.0102436291998292,-0.160193888831089,-0.483266729995337,16,"PBMC Pseudobulk","I4","FP1_R1_vs_preflight","LTB;CST7;CDC42SE2;DENND5A;IGF1R;CD86;IL10RA;TIAM1;NCOA3;IKZF2;IGF2R;BCL2;CD44;PLSCR1;AHNAK"
"HALLMARK_IL6_JAK_STAT3_SIGNALING",0.331623931623932,0.525071225071225,0.0397587663467915,0.35187489143484,1.11600938947289,11,"PBMC Pseudobulk","I4","FP1_R1_vs_preflight","CD36;TLR2;CSF3R;ITGA4;IFNGR2;STAT1;CD44"
"HALLMARK_INFLAMMATORY_RESPONSE",0.00891901534070639,0.0564870971578071,0.291090917251384,0.453655703443169,1.82244189392906,21,"PBMC Pseudobulk","I4","FP1_R1_vs_preflight","CYBB;ATP2B1;TLR2;NAMPT;PTPRE;CSF3R;LYN;AHR;RNF144B;LCP2"
"HALLMARK_INTERFERON_GAMMA_RESPONSE",0.4772,0.566675,0.0193262823264024,-0.286454203729924,-0.998744576059691,29,"PBMC Pseudobulk","I4","FP1_R1_vs_preflight","B2M;HLA-B;HLA-A;BTG1;CCL5;TNFAIP3;CD69;GZMA;IFITM2"
"HALLMARK_KRAS_SIGNALING_UP",0.124915139171758,0.237338764426341,0.07386107958716,0.349670591584497,1.36466549996703,19,"PBMC Pseudobulk","I4","FP1_R1_vs_preflight","HDAC9;CTSS;DOCK2;ETS1;MAP3K1;EVI5;IKZF1"
"HALLMARK_MITOTIC_SPINDLE",0.0735730781920158,0.199698355092614,0.095636421370719,0.387491486302549,1.48269840300531,18,"PBMC Pseudobulk","I4","FP1_R1_vs_preflight","DOCK2;FGD4;NOTCH2;RASA1;CCDC88A;NEDD9;ARHGEF3;CNTRL;TRIO;AKAP13"
"HALLMARK_MYC_TARGETS_V1",2.4036049082083e-07,4.56684932559576e-06,0.674962860011025,-0.785404274653108,-2.44250552199775,18,"PBMC Pseudobulk","I4","FP1_R1_vs_preflight","RPS2;RPL34;RPS3;RPL18;RPS6;RPS5;RPL14;RPL6;RPLP0;RACK1;EEF1B2;RPL22;RPS10;PABPC1"
"HALLMARK_OXIDATIVE_PHOSPHORYLATION",0.000480723322143188,0.00456687156036028,0.49849310876659,-0.732119635890767,-1.99235283554099,11,"PBMC Pseudobulk","I4","FP1_R1_vs_preflight","COX4I1;COX7C;ATP5F1E;UQCRB;ATP5MG;SLC25A6;COX6A1;COX6C;NDUFA4;ATP5MC2;ATP6V1G1"
"HALLMARK_P53_PATHWAY",0.0143605086013463,0.0682124158563949,0.146922135732098,-0.60435903638899,-1.72907955143193,13,"PBMC Pseudobulk","I4","FP1_R1_vs_preflight","RPS12;RPL18;RPL36;S100A4;RACK1;BTG1;HINT1"
"HALLMARK_PI3K_AKT_MTOR_SIGNALING",0.868071933962264,0.916298152515723,0.0120555740265766,-0.21918418362318,-0.649572317367075,15,"PBMC Pseudobulk","I4","FP1_R1_vs_preflight","PFN1;CXCR4;CFL1"
"HALLMARK_TNFA_SIGNALING_VIA_NFKB",0.430181818181818,0.566675,0.0393956381466885,0.24646753078356,1.02688186082913,23,"PBMC Pseudobulk","I4","FP1_R1_vs_preflight","ATP2B1;TLR2;NAMPT;KYNU;PTPRE;TANK;TNFAIP8;SAT1;TNFAIP2;IFNGR2"
"HALLMARK_UV_RESPONSE_DN",0.0453004622496148,0.172141756548536,0.11831785640414,0.454348430004489,1.57909302422036,14,"PBMC Pseudobulk","I4","FP1_R1_vs_preflight","ATP2B1;NOTCH2;RUNX1;PTEN;NEK7;SIPA1L1;INPP4B;MAPK14;CELF2;ADD3;PRKCE"
